Func,LCFO Mean,LCFO Std,JADE Mean,JADE Std,JADE p,SHADE Mean,SHADE Std,SHADE p,L-SHADE Mean,L-SHADE Std,L-SHADE p,jSO Mean,jSO Std,jSO p,BHO Mean,BHO Std,BHO p,ESTA Mean,ESTA Std,ESTA p,DE Mean,DE Std,DE p,ZOA Mean,ZOA Std,ZOA p,GRO Mean,GRO Std,GRO p,NDO Mean,NDO Std,NDO p,PSO Mean,PSO Std,PSO p,TLBO Mean,TLBO Std,TLBO p,NGO Mean,NGO Std,NGO p,GWO Mean,GWO Std,GWO p,ACO Mean,ACO Std,ACO p,CFO Mean,CFO Std,CFO p,OOA Mean,OOA Std,OOA p,WOO Mean,WOO Std,WOO p,GLO Mean,GLO Std,GLO p,ABC Mean,ABC Std,ABC p,SSA Mean,SSA Std,SSA p,BKA Mean,BKA Std,BKA p,HROA Mean,HROA Std,HROA p,AOO Mean,AOO Std,AOO p,DBA Mean,DBA Std,DBA p,FA Mean,FA Std,FA p,MO Mean,MO Std,MO p,POA Mean,POA Std,POA p,LFO Mean,LFO Std,LFO p,AO Mean,AO Std,AO p,WOA Mean,WOA Std,WOA p,FTO Mean,FTO Std,FTO p,MFO Mean,MFO Std,MFO p,BBO Mean,BBO Std,BBO p,CS Mean,CS Std,CS p
F1,2.42e+03,2.83e+03,4.47e+03,3.96e+03,2.77e-02,4.99e+03,5.38e+03,1.97e-02,5.20e+10,6.42e+09,1.86e-09,6.43e+09,3.37e+09,1.86e-09,1.28e+07,1.31e+07,1.86e-09,8.86e+03,7.31e+03,2.08e-05,9.54e+08,3.48e+09,1.86e-09,9.82e+03,9.55e+03,2.08e-05,1.12e+07,8.05e+06,1.86e-09,4.92e+08,8.34e+08,1.86e-09,4.61e+09,3.50e+09,1.86e-09,1.84e+09,1.30e+09,1.86e-09,1.00e+10,4.52e+09,1.86e-09,1.24e+10,4.45e+09,1.86e-09,1.95e+08,6.91e+08,1.68e-06,3.61e+09,2.35e+09,1.86e-09,5.16e+09,2.21e+09,1.86e-09,5.91e+08,9.77e+07,1.86e-09,1.25e+10,2.91e+09,1.86e-09,4.14e+09,8.44e+08,1.86e-09,1.52e+10,4.60e+09,1.86e-09,3.66e+10,1.95e+10,1.86e-09,2.98e+10,3.88e+09,1.86e-09,1.72e+10,2.37e+09,1.86e-09,4.05e+10,4.59e+09,1.86e-09,1.80e+09,3.75e+08,1.86e-09,6.77e+10,9.36e+09,1.86e-09,9.93e+10,6.19e+09,1.86e-09,4.03e+10,6.45e+09,1.86e-09,8.36e+10,7.36e+09,1.86e-09,7.59e+10,1.28e+10,1.86e-09,1.11e+11,1.45e+10,1.86e-09,1.94e+11,4.76e+10,1.86e-09,1.16e+11,4.72e+09,1.86e-09,1.70e+11,4.75e+10,1.86e-09
F3,2.00e+04,8.08e+03,5.85e+04,6.31e+04,2.69e-05,2.83e+04,8.64e+03,6.08e-04,1.95e+05,2.82e+04,1.86e-09,1.50e+05,5.61e+04,1.86e-09,7.01e+04,2.53e+04,5.59e-09,2.15e+04,9.89e+03,6.26e-01,2.38e+05,4.09e+04,1.86e-09,1.45e+05,2.42e+04,1.86e-09,1.37e+05,1.47e+04,1.86e-09,2.34e+05,3.44e+04,1.86e-09,1.60e+05,4.35e+04,1.86e-09,1.79e+05,2.63e+04,1.86e-09,1.67e+05,1.50e+04,1.86e-09,1.21e+05,2.29e+04,1.86e-09,2.38e+05,6.38e+04,1.86e-09,7.67e+04,1.25e+04,1.86e-09,1.54e+05,1.47e+04,1.86e-09,1.06e+05,1.59e+04,1.86e-09,1.75e+05,9.31e+03,1.86e-09,3.28e+05,4.77e+04,1.86e-09,1.46e+05,2.38e+04,1.86e-09,9.45e+04,3.13e+04,1.86e-09,1.98e+05,3.11e+04,1.86e-09,1.51e+05,2.64e+04,1.86e-09,1.90e+05,2.17e+04,1.86e-09,2.68e+05,9.76e+04,1.86e-09,2.20e+05,4.15e+04,1.86e-09,4.84e+05,6.29e+04,1.86e-09,2.56e+05,1.05e+05,1.86e-09,5.56e+05,1.96e+05,1.86e-09,2.98e+05,9.88e+04,1.86e-09,5.77e+05,1.00e+05,1.86e-09,5.44e+05,5.68e+04,1.86e-09,3.13e+05,2.03e+05,1.86e-09,6.39e+08,3.44e+09,1.86e-09
F4,5.37e+02,5.04e+01,5.24e+02,4.09e+01,2.13e-01,5.19e+02,5.22e+01,9.19e-02,1.22e+04,2.25e+03,1.86e-09,1.18e+03,2.88e+02,1.86e-09,6.31e+02,5.48e+01,1.64e-07,5.50e+02,5.62e+01,3.82e-01,6.24e+02,6.75e+01,3.05e-05,5.93e+02,5.74e+01,4.03e-03,5.99e+02,5.31e+01,5.59e-05,7.44e+02,1.07e+02,1.86e-09,9.69e+02,3.67e+02,1.86e-09,1.00e+03,2.69e+02,1.86e-09,1.36e+03,3.21e+02,1.86e-09,1.55e+03,7.57e+02,1.86e-09,6.46e+02,1.16e+02,8.33e-07,8.58e+02,1.72e+02,1.86e-09,1.22e+03,1.93e+02,1.86e-09,8.39e+02,4.08e+01,1.86e-09,1.76e+03,5.46e+02,1.86e-09,1.26e+03,1.49e+02,1.86e-09,2.77e+03,9.70e+02,1.86e-09,7.29e+03,7.01e+03,1.86e-09,5.20e+03,9.01e+02,1.86e-09,2.04e+03,3.56e+02,1.86e-09,8.30e+03,1.30e+03,1.86e-09,9.91e+02,9.66e+01,1.86e-09,1.40e+04,4.25e+03,1.86e-09,1.12e+04,1.45e+03,1.86e-09,9.75e+03,2.15e+03,1.86e-09,2.15e+04,4.27e+03,1.86e-09,2.01e+04,6.23e+03,1.86e-09,3.38e+04,6.97e+03,1.86e-09,5.59e+04,2.67e+04,1.86e-09,3.89e+04,4.36e+03,1.86e-09,6.41e+04,2.54e+04,1.86e-09
F5,5.86e+02,1.19e+01,6.62e+02,1.62e+01,1.86e-09,6.70e+02,2.10e+01,1.86e-09,1.07e+03,3.67e+01,1.86e-09,9.09e+02,3.93e+01,1.86e-09,7.10e+02,2.53e+01,1.86e-09,8.51e+02,6.33e+01,1.86e-09,8.50e+02,9.32e+01,3.73e-09,7.99e+02,5.63e+01,1.86e-09,8.75e+02,7.08e+01,1.86e-09,7.61e+02,7.11e+01,1.86e-09,6.76e+02,3.44e+01,1.86e-09,7.61e+02,3.76e+01,1.86e-09,8.96e+02,1.67e+01,1.86e-09,7.43e+02,5.58e+01,1.86e-09,8.81e+02,5.93e+01,1.86e-09,8.74e+02,4.26e+01,1.86e-09,9.39e+02,3.02e+01,1.86e-09,9.56e+02,2.36e+01,1.86e-09,1.09e+03,3.11e+01,1.86e-09,1.01e+03,1.89e+01,1.86e-09,9.47e+02,5.06e+01,1.86e-09,9.19e+02,7.04e+01,1.86e-09,9.37e+02,2.16e+01,1.86e-09,1.07e+03,3.94e+01,1.86e-09,8.99e+02,1.66e+01,1.86e-09,1.31e+03,8.76e+01,1.86e-09,1.07e+03,4.46e+01,1.86e-09,1.27e+03,3.05e+01,1.86e-09,1.08e+03,3.46e+01,1.86e-09,1.19e+03,3.20e+01,1.86e-09,1.19e+03,4.13e+01,1.86e-09,1.24e+03,4.63e+01,1.86e-09,1.53e+03,1.46e+02,1.86e-09,1.23e+03,1.98e+01,1.86e-09,1.38e+03,1.12e+02,1.86e-09
F6,6.00e+02,1.48e-01,6.01e+02,9.23e-01,2.05e-07,6.00e+02,3.05e-01,2.89e-01,6.78e+02,5.41e+00,1.86e-09,6.31e+02,6.12e+00,1.86e-09,6.14e+02,3.88e+00,1.86e-09,6.05e+02,2.57e+00,1.86e-09,6.02e+02,9.74e-01,3.73e-09,6.27e+02,1.06e+01,1.86e-09,6.03e+02,1.46e+00,1.86e-09,6.22e+02,5.65e+00,1.86e-09,6.14e+02,4.59e+00,1.86e-09,6.32e+02,6.93e+00,1.86e-09,6.53e+02,1.22e+01,1.86e-09,6.23e+02,4.48e+00,1.86e-09,6.55e+02,7.94e+00,1.86e-09,6.65e+02,6.20e+00,1.86e-09,6.27e+02,4.12e+00,1.86e-09,6.42e+02,4.08e+00,1.86e-09,6.44e+02,6.35e+00,1.86e-09,6.25e+02,3.31e+00,1.86e-09,6.74e+02,7.95e+00,1.86e-09,6.71e+02,6.73e+00,1.86e-09,6.57e+02,4.33e+00,1.86e-09,6.66e+02,1.30e+01,1.86e-09,6.75e+02,4.00e+00,1.86e-09,7.07e+02,1.09e+01,1.86e-09,6.87e+02,6.84e+00,1.86e-09,6.87e+02,3.11e+00,1.86e-09,6.92e+02,7.72e+00,1.86e-09,7.01e+02,6.47e+00,1.86e-09,7.00e+02,6.62e+00,1.86e-09,6.86e+02,6.35e+00,1.86e-09,7.24e+02,1.77e+01,1.86e-09,7.09e+02,3.57e+00,1.86e-09,7.24e+02,1.48e+01,1.86e-09
F7,8.45e+02,1.18e+01,9.86e+02,3.80e+01,1.86e-09,9.56e+02,1.86e+01,1.86e-09,1.86e+03,9.02e+01,1.86e-09,1.39e+03,9.93e+01,1.86e-09,1.07e+03,7.11e+01,1.86e-09,1.28e+03,7.55e+01,1.86e-09,1.22e+03,3.96e+01,1.86e-09,1.13e+03,7.72e+01,1.86e-09,1.21e+03,7.35e+01,1.86e-09,1.18e+03,8.13e+01,1.86e-09,1.05e+03,8.81e+01,1.86e-09,1.24e+03,1.05e+02,1.86e-09,1.39e+03,8.86e+01,1.86e-09,1.14e+03,7.91e+01,1.86e-09,1.83e+03,2.93e+02,1.86e-09,1.65e+03,1.15e+02,1.86e-09,1.33e+03,7.28e+01,1.86e-09,1.23e+03,2.11e+01,1.86e-09,1.54e+03,7.81e+01,1.86e-09,1.40e+03,4.39e+01,1.86e-09,1.74e+03,1.84e+02,1.86e-09,1.73e+03,8.57e+01,1.86e-09,1.43e+03,5.71e+01,1.86e-09,1.67e+03,6.82e+01,1.86e-09,1.91e+03,3.35e+01,1.86e-09,2.56e+03,2.71e+02,1.86e-09,1.84e+03,1.02e+02,1.86e-09,4.22e+03,2.37e+02,1.86e-09,1.94e+03,6.49e+01,1.86e-09,1.95e+03,6.57e+01,1.86e-09,2.04e+03,6.94e+01,1.86e-09,2.84e+03,2.74e+02,1.86e-09,6.00e+03,6.39e+02,1.86e-09,2.07e+03,3.50e+01,1.86e-09,3.88e+03,7.47e+02,1.86e-09
F8,8.82e+02,1.05e+01,9.65e+02,2.70e+01,1.86e-09,9.74e+02,1.93e+01,1.86e-09,1.38e+03,3.36e+01,1.86e-09,1.21e+03,5.03e+01,1.86e-09,1.01e+03,2.54e+01,1.86e-09,1.16e+03,7.51e+01,1.86e-09,1.15e+03,9.86e+01,3.73e-09,1.10e+03,4.72e+01,1.86e-09,1.15e+03,8.34e+01,1.86e-09,1.07e+03,5.57e+01,1.86e-09,9.78e+02,4.90e+01,1.86e-09,1.07e+03,3.99e+01,1.86e-09,1.21e+03,2.56e+01,1.86e-09,1.06e+03,4.69e+01,1.86e-09,1.19e+03,5.28e+01,1.86e-09,1.19e+03,5.63e+01,1.86e-09,1.24e+03,1.39e+01,1.86e-09,1.26e+03,2.72e+01,1.86e-09,1.38e+03,3.11e+01,1.86e-09,1.31e+03,1.60e+01,1.86e-09,1.27e+03,5.35e+01,1.86e-09,1.23e+03,6.56e+01,1.86e-09,1.24e+03,2.59e+01,1.86e-09,1.37e+03,4.13e+01,1.86e-09,1.23e+03,1.72e+01,1.86e-09,1.58e+03,7.26e+01,1.86e-09,1.39e+03,4.42e+01,1.86e-09,1.56e+03,2.90e+01,1.86e-09,1.43e+03,4.17e+01,1.86e-09,1.52e+03,3.32e+01,1.86e-09,1.47e+03,4.25e+01,1.86e-09,1.59e+03,6.63e+01,1.86e-09,1.78e+03,1.41e+02,1.86e-09,1.56e+03,1.94e+01,1.86e-09,1.69e+03,1.13e+02,1.86e-09
F9,9.31e+02,2.40e+01,2.01e+03,9.98e+02,1.86e-09,1.52e+03,4.72e+02,5.59e-09,2.85e+04,3.53e+03,1.86e-09,1.58e+04,4.67e+03,1.86e-09,5.81e+03,2.42e+03,1.86e-09,1.34e+04,3.81e+03,1.86e-09,2.14e+03,1.06e+03,1.86e-09,9.93e+03,2.53e+03,1.86e-09,3.80e+03,1.99e+03,1.86e-09,1.19e+04,4.65e+03,1.86e-09,8.78e+03,7.29e+03,1.86e-09,1.34e+04,4.08e+03,1.86e-09,1.43e+04,2.63e+03,1.86e-09,1.08e+04,3.98e+03,1.86e-09,4.38e+04,1.36e+04,1.86e-09,1.39e+04,3.87e+03,1.86e-09,4.48e+03,6.81e+02,1.86e-09,1.30e+04,2.73e+03,1.86e-09,2.67e+04,6.54e+03,1.86e-09,1.22e+04,2.86e+03,1.86e-09,1.96e+04,3.40e+03,1.86e-09,1.80e+04,5.86e+03,1.86e-09,1.68e+04,2.25e+03,1.86e-09,2.40e+04,7.79e+03,1.86e-09,2.73e+04,1.72e+03,1.86e-09,5.41e+04,1.14e+04,1.86e-09,2.14e+04,3.49e+03,1.86e-09,4.70e+04,6.25e+03,1.86e-09,3.32e+04,4.28e+03,1.86e-09,3.75e+04,4.11e+03,1.86e-09,3.75e+04,4.24e+03,1.86e-09,4.85e+04,7.36e+03,1.86e-09,7.77e+04,2.04e+04,1.86e-09,4.20e+04,2.64e+03,1.86e-09,5.99e+04,1.66e+04,1.86e-09
F10,7.77e+03,3.92e+02,8.62e+03,7.20e+02,6.91e-07,8.34e+03,4.62e+02,3.24e-06,1.43e+04,9.13e+02,1.86e-09,1.08e+04,5.25e+02,1.86e-09,8.45e+03,8.31e+02,1.34e-03,6.97e+03,7.91e+02,3.05e-05,1.50e+04,3.55e+02,1.86e-09,7.75e+03,9.02e+02,6.41e-01,1.38e+04,1.30e+03,1.86e-09,1.23e+04,1.99e+03,1.86e-09,7.56e+03,1.36e+03,3.18e-01,1.49e+04,4.37e+02,1.86e-09,1.00e+04,5.25e+02,1.86e-09,7.81e+03,2.49e+03,1.05e-01,7.49e+03,1.62e+03,1.85e-02,9.04e+03,1.05e+03,1.68e-06,1.33e+04,1.34e+03,1.86e-09,1.37e+04,3.31e+02,1.86e-09,1.48e+04,5.54e+02,1.86e-09,1.54e+04,2.51e+02,1.86e-09,1.02e+04,1.06e+03,3.73e-09,9.19e+03,1.60e+03,9.31e-09,1.16e+04,5.35e+02,1.86e-09,1.52e+04,4.03e+02,1.86e-09,9.02e+03,8.60e+02,3.54e-08,1.31e+04,1.02e+03,1.86e-09,1.31e+04,1.16e+03,1.86e-09,1.41e+04,7.24e+02,1.86e-09,1.45e+04,9.15e+02,1.86e-09,1.54e+04,6.04e+02,1.86e-09,1.44e+04,8.84e+02,1.86e-09,1.56e+04,4.89e+02,1.86e-09,1.52e+04,8.77e+02,1.86e-09,1.59e+04,5.31e+02,1.86e-09,1.65e+04,8.43e+02,1.86e-09
F11,1.30e+03,6.59e+01,1.32e+03,5.61e+01,1.19e-01,1.32e+03,5.24e+01,1.40e-01,1.68e+04,3.27e+03,1.86e-09,5.33e+03,2.98e+03,1.86e-09,1.48e+03,1.02e+02,2.55e-07,1.29e+03,5.73e+01,8.87e-01,1.42e+03,2.04e+02,9.93e-03,1.96e+03,6.25e+02,5.59e-09,1.59e+03,1.35e+02,1.86e-09,2.37e+03,6.21e+02,1.86e-09,1.67e+03,5.36e+02,9.31e-09,1.52e+03,1.26e+02,1.86e-09,1.93e+03,4.10e+02,1.86e-09,5.71e+03,1.61e+03,1.86e-09,1.54e+03,1.27e+02,3.73e-09,1.85e+03,6.39e+02,1.86e-09,1.19e+04,2.12e+03,1.86e-09,1.92e+03,1.70e+02,1.86e-09,8.70e+03,1.70e+03,1.86e-09,8.22e+03,2.25e+03,1.86e-09,7.29e+03,2.20e+03,1.86e-09,5.84e+03,4.64e+03,1.86e-09,9.88e+03,2.31e+03,1.86e-09,4.94e+03,9.25e+02,1.86e-09,8.13e+03,1.78e+03,1.86e-09,1.22e+04,5.30e+03,1.86e-09,1.91e+04,3.41e+03,1.86e-09,1.89e+04,2.33e+03,1.86e-09,1.59e+04,2.99e+03,1.86e-09,2.06e+04,4.65e+03,1.86e-09,1.75e+04,3.33e+03,1.86e-09,6.25e+04,2.28e+04,1.86e-09,8.00e+04,1.80e+04,1.86e-09,2.40e+04,2.48e+03,1.86e-09,7.32e+04,2.11e+04,1.86e-09
F12,4.48e+05,3.76e+05,4.97e+05,7.30e+05,9.52e-01,3.91e+05,3.16e+05,5.43e-01,1.53e+10,3.74e+09,1.86e-09,2.42e+08,1.32e+08,1.86e-09,5.82e+06,4.79e+06,1.86e-09,3.19e+06,1.92e+06,1.86e-09,6.50e+06,4.84e+06,1.86e-09,6.40e+06,3.69e+06,1.86e-09,7.11e+06,3.76e+06,1.86e-09,1.77e+07,9.81e+06,1.86e-09,2.60e+09,2.07e+09,1.86e-09,2.36e+07,1.81e+07,1.86e-09,7.69e+07,5.91e+07,1.86e-09,1.49e+09,1.48e+09,1.86e-09,1.14e+08,5.47e+08,1.86e-09,1.63e+07,9.67e+06,1.86e-09,1.31e+08,1.42e+08,1.86e-09,6.92e+07,1.81e+07,1.86e-09,8.16e+08,3.56e+08,1.86e-09,6.10e+08,1.71e+08,1.86e-09,7.98e+08,4.19e+08,1.86e-09,7.45e+09,1.35e+10,1.86e-09,3.71e+09,1.07e+09,1.86e-09,4.32e+09,7.71e+08,1.86e-09,1.47e+10,5.74e+09,1.86e-09,6.95e+08,3.20e+08,1.86e-09,2.17e+10,6.87e+09,1.86e-09,1.40e+10,2.14e+09,1.86e-09,1.05e+10,5.41e+09,1.86e-09,4.17e+10,8.65e+09,1.86e-09,2.93e+10,1.12e+10,1.86e-09,4.17e+10,1.04e+10,1.86e-09,5.41e+10,2.02e+10,1.86e-09,8.54e+10,1.08e+10,1.86e-09,9.39e+10,2.31e+10,1.86e-09
F13,5.24e+03,2.04e+03,9.87e+03,7.61e+03,6.19e-03,7.63e+03,5.61e+03,7.32e-02,3.80e+09,1.47e+09,1.86e-09,2.68e+07,3.63e+07,1.86e-09,2.72e+04,1.33e+04,3.73e-09,1.16e+04,9.81e+03,1.37e-02,1.15e+04,9.44e+03,7.98e-04,1.31e+04,6.03e+03,3.73e-09,5.74e+03,4.52e+03,9.03e-01,1.21e+04,9.01e+03,2.76e-06,1.09e+09,1.86e+09,1.86e-09,3.33e+05,1.67e+06,1.86e-09,4.96e+04,5.69e+04,1.86e-09,2.86e+08,5.01e+08,1.86e-09,2.41e+04,1.30e+04,5.59e-09,2.27e+04,1.60e+04,2.05e-07,7.97e+03,2.91e+03,1.70e-04,8.76e+05,4.87e+05,1.86e-09,4.67e+06,4.61e+06,1.86e-09,2.58e+04,3.97e+04,6.15e-08,1.81e+06,3.33e+06,1.86e-09,1.18e+09,4.26e+09,1.86e-09,3.20e+08,1.42e+08,1.86e-09,1.68e+09,3.31e+08,1.86e-09,3.31e+09,1.86e+09,1.86e-09,4.99e+07,1.28e+07,1.86e-09,5.82e+09,5.19e+09,1.86e-09,3.17e+09,9.59e+08,1.86e-09,2.85e+09,2.01e+09,1.86e-09,1.58e+10,4.56e+09,1.86e-09,6.61e+09,2.87e+09,1.86e-09,1.88e+10,6.48e+09,1.86e-09,2.03e+10,1.32e+10,1.86e-09,5.37e+10,1.13e+10,1.86e-09,6.01e+10,2.31e+10,1.86e-09
F14,1.63e+03,8.23e+01,3.68e+03,1.83e+03,1.86e-09,3.52e+03,1.96e+03,1.86e-09,4.74e+06,2.21e+06,1.86e-09,1.49e+06,1.14e+06,1.86e-09,9.35e+03,1.03e+04,1.86e-09,1.87e+04,1.89e+04,1.86e-09,8.15e+04,7.65e+04,1.86e-09,1.33e+06,1.32e+06,1.86e-09,4.30e+05,2.06e+05,1.86e-09,4.33e+05,3.94e+05,1.86e-09,7.97e+05,1.23e+06,1.86e-09,2.47e+05,1.44e+05,1.86e-09,2.83e+05,2.35e+05,1.86e-09,1.21e+06,1.05e+06,1.86e-09,1.40e+05,9.50e+04,1.86e-09,5.87e+04,5.85e+04,1.86e-09,9.12e+05,5.67e+05,1.86e-09,2.43e+04,1.33e+04,1.86e-09,2.25e+06,1.63e+06,1.86e-09,2.34e+06,1.10e+06,1.86e-09,1.68e+06,1.26e+06,1.86e-09,1.31e+06,5.94e+06,1.86e-09,4.21e+06,3.12e+06,1.86e-09,2.13e+06,1.07e+06,1.86e-09,6.93e+06,5.96e+06,1.86e-09,2.07e+06,1.55e+06,1.86e-09,1.32e+07,1.11e+07,1.86e-09,3.37e+06,1.56e+06,1.86e-09,1.75e+07,1.26e+07,1.86e-09,1.84e+07,1.21e+07,1.86e-09,2.42e+07,2.61e+07,1.86e-09,2.33e+07,1.10e+07,1.86e-09,3.69e+07,2.73e+07,1.86e-09,1.92e+08,7.27e+07,1.86e-09,2.39e+08,1.67e+08,1.86e-09
F15,2.13e+03,1.95e+02,4.54e+03,3.43e+03,4.42e-06,5.10e+03,5.34e+03,1.60e-05,6.83e+08,3.23e+08,1.86e-09,6.89e+06,1.31e+07,1.86e-09,9.34e+03,4.65e+03,1.86e-09,1.25e+04,5.82e+03,9.31e-09,9.10e+03,8.45e+03,3.24e-06,8.23e+03,6.49e+03,1.86e-09,1.04e+04,5.37e+03,9.31e-09,9.22e+03,6.82e+03,4.66e-08,4.78e+06,1.78e+07,1.86e-09,1.32e+04,6.20e+03,1.86e-09,1.71e+04,5.01e+03,1.86e-09,2.09e+07,3.30e+07,1.86e-09,1.78e+04,1.08e+04,1.86e-09,1.36e+04,8.41e+03,1.86e-09,9.63e+03,4.36e+03,1.86e-09,4.73e+04,2.09e+04,1.86e-09,1.20e+05,3.43e+05,1.86e-09,1.04e+04,5.60e+03,1.86e-09,3.78e+04,2.51e+04,1.86e-09,2.12e+08,9.86e+08,1.86e-09,2.20e+07,1.81e+07,1.86e-09,4.69e+08,1.27e+08,1.86e-09,6.46e+06,1.66e+07,1.86e-09,1.83e+07,1.09e+07,1.86e-09,8.97e+08,9.04e+08,1.86e-09,3.70e+08,1.23e+08,1.86e-09,2.40e+08,2.14e+08,1.86e-09,1.16e+09,4.99e+08,1.86e-09,1.42e+09,1.06e+09,1.86e-09,7.25e+09,2.81e+09,1.86e-09,9.15e+09,8.20e+09,1.86e-09,1.16e+10,2.68e+09,1.86e-09,1.80e+10,1.02e+10,1.86e-09
F16,2.84e+03,2.27e+02,3.07e+03,3.16e+02,2.99e-03,3.10e+03,2.17e+02,1.11e-04,5.83e+03,3.56e+02,1.86e-09,4.32e+03,3.70e+02,1.86e-09,3.00e+03,2.95e+02,5.23e-02,3.91e+03,4.76e+02,5.59e-09,4.11e+03,9.43e+02,1.19e-06,3.39e+03,4.31e+02,7.99e-06,3.82e+03,7.65e+02,4.66e-08,3.39e+03,3.95e+02,8.33e-07,3.48e+03,5.52e+02,3.15e-07,3.32e+03,4.65e+02,3.90e-05,3.48e+03,3.26e+02,5.72e-07,3.31e+03,6.51e+02,2.32e-04,3.67e+03,4.46e+02,3.54e-08,3.93e+03,3.90e+02,1.86e-09,4.96e+03,2.88e+02,1.86e-09,4.72e+03,2.61e+02,1.86e-09,5.42e+03,2.72e+02,1.86e-09,5.37e+03,1.91e+02,1.86e-09,4.58e+03,5.62e+02,1.86e-09,4.52e+03,7.93e+02,1.86e-09,4.95e+03,2.80e+02,1.86e-09,5.43e+03,3.10e+02,1.86e-09,5.04e+03,3.99e+02,1.86e-09,6.18e+03,8.42e+02,1.86e-09,6.23e+03,6.13e+02,1.86e-09,6.08e+03,3.67e+02,1.86e-09,6.72e+03,9.09e+02,1.86e-09,7.23e+03,8.30e+02,1.86e-09,8.24e+03,1.80e+03,1.86e-09,8.27e+03,6.35e+02,1.86e-09,7.32e+03,1.27e+03,1.86e-09,1.19e+04,1.47e+03,1.86e-09,1.13e+04,2.70e+03,1.86e-09
F17,2.58e+03,1.73e+02,2.85e+03,1.49e+02,9.98e-07,2.74e+03,1.92e+02,2.83e-04,4.78e+03,2.90e+02,1.86e-09,3.72e+03,2.26e+02,1.86e-09,2.90e+03,3.45e+02,3.45e-05,3.39e+03,3.06e+02,1.86e-09,3.32e+03,6.61e+02,5.97e-06,2.89e+03,2.90e+02,2.35e-06,3.65e+03,3.39e+02,1.86e-09,3.20e+03,4.90e+02,9.31e-09,3.10e+03,3.07e+02,1.30e-07,3.02e+03,2.65e+02,3.54e-08,3.09e+03,2.00e+02,1.86e-09,3.02e+03,2.98e+02,4.66e-08,3.68e+03,4.17e+02,1.86e-09,3.56e+03,3.62e+02,1.86e-09,3.96e+03,1.91e+02,1.86e-09,3.68e+03,1.35e+02,1.86e-09,4.39e+03,2.23e+02,1.86e-09,4.17e+03,1.44e+02,1.86e-09,3.67e+03,3.60e+02,1.86e-09,3.79e+03,8.41e+02,1.86e-09,4.08e+03,1.66e+02,1.86e-09,4.65e+03,3.45e+02,1.86e-09,3.98e+03,3.69e+02,1.86e-09,4.62e+03,4.93e+02,1.86e-09,4.73e+03,6.83e+02,1.86e-09,5.46e+03,2.97e+02,1.86e-09,4.55e+03,5.37e+02,1.86e-09,5.73e+03,8.17e+02,1.86e-09,6.41e+03,2.17e+03,1.86e-09,1.99e+04,3.02e+04,1.86e-09,1.98e+05,2.72e+05,1.86e-09,1.45e+04,5.42e+03,1.86e-09,5.43e+05,9.87e+05,1.86e-09
F18,1.43e+04,1.38e+04,8.70e+04,1.45e+05,8.01e-08,7.03e+04,4.31e+04,3.73e-09,2.12e+07,9.53e+06,1.86e-09,4.95e+06,4.64e+06,1.86e-09,1.13e+05,9.53e+04,1.86e-09,1.59e+05,7.74e+04,1.86e-09,5.40e+05,5.50e+05,3.73e-09,2.62e+06,1.78e+06,1.86e-09,4.81e+06,2.25e+06,1.86e-09,4.77e+06,3.84e+06,1.86e-09,4.02e+06,3.66e+06,1.86e-09,2.57e+06,2.23e+06,1.86e-09,1.60e+06,1.13e+06,1.86e-09,7.67e+06,1.28e+07,1.86e-09,1.64e+06,1.32e+06,1.86e-09,4.27e+05,3.52e+05,1.86e-09,8.10e+06,2.75e+06,1.86e-09,6.36e+05,2.46e+05,1.86e-09,1.98e+07,9.92e+06,1.86e-09,2.62e+07,9.90e+06,1.86e-09,1.72e+07,8.26e+06,1.86e-09,4.26e+06,9.17e+06,1.86e-09,8.49e+06,5.99e+06,1.86e-09,1.44e+07,5.18e+06,1.86e-09,2.35e+07,8.39e+06,1.86e-09,1.67e+07,1.23e+07,1.86e-09,5.46e+07,3.91e+07,1.86e-09,3.19e+07,1.55e+07,1.86e-09,5.78e+07,3.48e+07,1.86e-09,1.01e+08,4.91e+07,1.86e-09,1.17e+08,1.05e+08,1.86e-09,2.24e+08,9.57e+07,1.86e-09,1.77e+08,1.35e+08,1.86e-09,2.20e+08,6.67e+07,1.86e-09,5.85e+08,4.82e+08,1.86e-09
F19,2.06e+03,4.19e+01,3.76e+03,4.53e+03,6.91e-07,4.43e+03,6.88e+03,1.22e-05,1.87e+08,9.27e+07,1.86e-09,1.44e+06,2.04e+06,1.86e-09,7.90e+03,8.23e+03,1.86e-09,1.95e+04,1.16e+04,1.86e-09,1.31e+04,1.19e+04,5.59e-09,1.68e+04,7.61e+03,1.86e-09,1.74e+04,1.02e+04,1.86e-09,2.20e+04,1.09e+04,1.86e-09,6.95e+05,1.53e+06,1.86e-09,1.92e+04,9.45e+03,1.86e-09,2.17e+04,7.81e+03,1.86e-09,8.36e+06,2.44e+07,1.86e-09,2.60e+04,3.47e+04,1.86e-09,2.47e+04,1.49e+04,1.86e-09,1.44e+04,6.99e+03,1.86e-09,5.21e+04,1.83e+04,1.86e-09,8.57e+04,7.71e+04,1.86e-09,2.17e+04,1.56e+04,1.86e-09,9.89e+06,1.45e+07,1.86e-09,1.05e+08,4.25e+08,1.86e-09,1.11e+07,1.09e+07,1.86e-09,2.35e+08,6.42e+07,1.86e-09,2.18e+06,2.30e+06,1.86e-09,2.91e+07,1.64e+07,1.86e-09,6.96e+08,9.39e+08,1.86e-09,1.44e+08,7.91e+07,1.86e-09,1.15e+08,9.34e+07,1.86e-09,1.21e+09,6.98e+08,1.86e-09,5.78e+08,5.44e+08,1.86e-09,2.26e+09,7.67e+08,1.86e-09,2.39e+09,1.97e+09,1.86e-09,4.32e+09,1.33e+09,1.86e-09,8.67e+09,4.80e+09,1.86e-09
F20,2.81e+03,1.43e+02,3.07e+03,1.51e+02,2.35e-06,2.87e+03,2.02e+02,1.91e-01,4.07e+03,2.00e+02,1.86e-09,3.57e+03,2.35e+02,1.86e-09,2.89e+03,2.70e+02,2.29e-01,3.55e+03,2.76e+02,1.86e-09,3.46e+03,4.72e+02,1.30e-07,3.27e+03,3.45e+02,1.42e-06,3.49e+03,3.82e+02,6.15e-08,3.42e+03,2.91e+02,2.61e-08,3.08e+03,3.94e+02,8.72e-04,3.74e+03,2.75e+02,1.86e-09,3.06e+03,1.71e+02,1.42e-06,3.04e+03,3.75e+02,1.34e-03,3.26e+03,4.11e+02,3.79e-06,3.61e+03,3.47e+02,1.86e-09,3.54e+03,4.44e+02,2.61e-08,3.64e+03,1.53e+02,1.86e-09,3.87e+03,2.61e+02,1.86e-09,4.23e+03,1.65e+02,1.86e-09,3.37e+03,2.96e+02,1.86e-09,3.22e+03,3.27e+02,4.71e-07,4.04e+03,2.02e+02,1.86e-09,4.11e+03,2.01e+02,1.86e-09,3.38e+03,3.00e+02,4.66e-08,4.03e+03,2.94e+02,1.86e-09,3.77e+03,3.11e+02,1.86e-09,3.99e+03,2.00e+02,1.86e-09,3.88e+03,2.85e+02,1.86e-09,4.40e+03,2.13e+02,1.86e-09,4.12e+03,2.66e+02,1.86e-09,4.85e+03,2.77e+02,1.86e-09,4.54e+03,3.53e+02,1.86e-09,4.48e+03,1.63e+02,1.86e-09,5.04e+03,2.91e+02,1.86e-09
F21,2.38e+03,1.16e+01,2.45e+03,2.30e+01,1.86e-09,2.46e+03,2.82e+01,1.86e-09,2.89e+03,3.59e+01,1.86e-09,2.69e+03,4.81e+01,1.86e-09,2.50e+03,3.52e+01,1.86e-09,2.67e+03,5.63e+01,1.86e-09,2.68e+03,7.02e+01,1.86e-09,2.56e+03,5.14e+01,1.86e-09,2.67e+03,6.72e+01,1.86e-09,2.54e+03,5.30e+01,1.86e-09,2.52e+03,5.85e+01,1.86e-09,2.56e+03,3.60e+01,1.86e-09,2.67e+03,2.77e+01,1.86e-09,2.54e+03,4.66e+01,1.86e-09,2.72e+03,8.39e+01,1.86e-09,2.75e+03,1.01e+02,1.86e-09,2.71e+03,1.79e+01,1.86e-09,2.76e+03,2.08e+01,1.86e-09,2.84e+03,2.74e+01,1.86e-09,2.80e+03,1.77e+01,1.86e-09,2.76e+03,6.95e+01,1.86e-09,2.85e+03,1.27e+02,1.86e-09,2.74e+03,3.13e+01,1.86e-09,2.84e+03,3.68e+01,1.86e-09,2.87e+03,7.56e+01,1.86e-09,3.14e+03,1.22e+02,1.86e-09,2.98e+03,7.60e+01,1.86e-09,3.03e+03,3.77e+01,1.86e-09,3.07e+03,8.07e+01,1.86e-09,3.08e+03,4.70e+01,1.86e-09,3.20e+03,1.01e+02,1.86e-09,3.04e+03,5.25e+01,1.86e-09,3.24e+03,1.37e+02,1.86e-09,3.29e+03,9.03e+01,1.86e-09,3.32e+03,1.79e+02,1.86e-09
F22,9.24e+03,9.43e+02,1.05e+04,4.83e+02,3.73e-09,9.67e+03,1.45e+03,3.80e-04,1.60e+04,6.11e+02,1.86e-09,1.24e+04,1.06e+03,1.86e-09,8.50e+03,3.24e+03,7.77e-01,9.37e+03,1.09e+03,8.71e-01,1.65e+04,5.08e+02,1.86e-09,8.43e+03,3.07e+03,7.30e-01,1.13e+04,6.24e+03,3.93e-01,1.41e+04,1.81e+03,3.73e-09,9.81e+03,1.28e+03,7.32e-02,1.34e+04,5.21e+03,8.86e-05,9.64e+03,3.80e+03,4.04e-01,9.64e+03,2.08e+03,5.84e-01,9.23e+03,2.67e+03,2.99e-01,1.05e+04,9.58e+02,1.06e-05,2.98e+03,3.23e+02,1.86e-09,1.47e+04,2.18e+03,9.31e-09,7.87e+03,5.57e+03,8.71e-01,1.65e+04,6.34e+02,1.86e-09,1.25e+04,1.87e+03,3.24e-06,1.11e+04,1.53e+03,9.31e-09,1.32e+04,8.71e+02,3.73e-09,1.66e+04,4.00e+02,1.86e-09,1.20e+04,8.19e+02,1.86e-09,1.47e+04,8.93e+02,1.86e-09,1.51e+04,8.38e+02,1.86e-09,1.59e+04,5.60e+02,1.86e-09,1.59e+04,6.37e+02,1.86e-09,1.71e+04,4.80e+02,1.86e-09,1.61e+04,8.52e+02,1.86e-09,1.64e+04,4.93e+02,1.86e-09,1.65e+04,9.60e+02,1.86e-09,1.78e+04,4.29e+02,1.86e-09,1.77e+04,1.03e+03,1.86e-09
F23,2.81e+03,1.57e+01,2.90e+03,3.07e+01,1.86e-09,2.94e+03,3.74e+01,1.86e-09,3.59e+03,7.10e+01,1.86e-09,3.18e+03,4.66e+01,1.86e-09,2.99e+03,4.92e+01,1.86e-09,3.28e+03,1.15e+02,1.86e-09,3.05e+03,1.26e+02,1.86e-09,3.17e+03,8.93e+01,1.86e-09,3.05e+03,7.96e+01,1.86e-09,3.03e+03,5.74e+01,1.86e-09,3.29e+03,1.19e+02,1.86e-09,3.14e+03,8.11e+01,1.86e-09,3.13e+03,6.12e+01,1.86e-09,3.04e+03,6.24e+01,1.86e-09,3.19e+03,1.43e+02,1.86e-09,3.38e+03,1.34e+02,1.86e-09,3.16e+03,1.73e+01,1.86e-09,3.24e+03,2.64e+01,1.86e-09,3.25e+03,2.44e+01,1.86e-09,3.22e+03,2.46e+01,1.86e-09,3.39e+03,1.07e+02,1.86e-09,3.84e+03,1.95e+02,1.86e-09,3.34e+03,5.60e+01,1.86e-09,3.33e+03,5.18e+01,1.86e-09,4.33e+03,2.15e+02,1.86e-09,3.91e+03,1.54e+02,1.86e-09,3.84e+03,1.65e+02,1.86e-09,3.42e+03,2.81e+01,1.86e-09,3.90e+03,1.36e+02,1.86e-09,3.92e+03,9.85e+01,1.86e-09,4.40e+03,3.03e+02,1.86e-09,4.06e+03,9.78e+01,1.86e-09,3.73e+03,1.55e+02,1.86e-09,4.92e+03,2.24e+02,1.86e-09,4.97e+03,3.00e+02,1.86e-09
F24,2.98e+03,1.73e+01,3.07e+03,3.03e+01,1.86e-09,3.08e+03,2.92e+01,1.86e-09,3.74e+03,5.68e+01,1.86e-09,3.41e+03,8.07e+01,1.86e-09,3.13e+03,3.34e+01,1.86e-09,3.85e+03,1.75e+02,1.86e-09,3.32e+03,7.77e+01,1.86e-09,3.40e+03,7.76e+01,1.86e-09,3.21e+03,7.26e+01,1.86e-09,3.25e+03,8.34e+01,1.86e-09,3.53e+03,1.78e+02,1.86e-09,3.26e+03,6.83e+01,1.86e-09,3.29e+03,4.36e+01,1.86e-09,3.19e+03,8.39e+01,1.86e-09,3.33e+03,9.09e+01,1.86e-09,3.54e+03,1.19e+02,1.86e-09,3.31e+03,1.85e+01,1.86e-09,3.40e+03,2.96e+01,1.86e-09,3.37e+03,2.81e+01,1.86e-09,3.36e+03,1.96e+01,1.86e-09,3.50e+03,1.26e+02,1.86e-09,3.92e+03,1.69e+02,1.86e-09,3.63e+03,5.83e+01,1.86e-09,3.47e+03,6.36e+01,1.86e-09,4.56e+03,1.94e+02,1.86e-09,3.86e+03,1.23e+02,1.86e-09,3.98e+03,1.79e+02,1.86e-09,3.47e+03,2.33e+01,1.86e-09,4.01e+03,1.80e+02,1.86e-09,4.01e+03,8.97e+01,1.86e-09,4.41e+03,4.02e+02,1.86e-09,3.89e+03,8.59e+01,1.86e-09,3.70e+03,1.25e+02,1.86e-09,4.81e+03,1.42e+02,1.86e-09,5.23e+03,4.33e+02,1.86e-09
F25,3.03e+03,2.76e+01,3.04e+03,3.29e+01,1.98e-01,3.05e+03,3.46e+01,5.49e-02,9.14e+03,1.00e+03,1.86e-09,3.64e+03,2.36e+02,1.86e-09,3.11e+03,3.43e+01,2.05e-07,3.06e+03,2.58e+01,6.29e-05,3.13e+03,7.56e+01,1.86e-09,3.11e+03,2.19e+01,3.73e-09,3.13e+03,4.07e+01,9.31e-09,3.26e+03,8.34e+01,1.86e-09,3.19e+03,1.88e+02,2.61e-08,3.40e+03,1.86e+02,1.86e-09,3.70e+03,2.16e+02,1.86e-09,3.87e+03,3.53e+02,1.86e-09,3.16e+03,2.69e+02,5.05e-04,3.31e+03,1.47e+02,1.86e-09,3.71e+03,1.52e+02,1.86e-09,3.28e+03,3.48e+01,1.86e-09,4.42e+03,4.38e+02,1.86e-09,3.81e+03,1.80e+02,1.86e-09,4.74e+03,5.50e+02,1.86e-09,6.31e+03,2.37e+03,1.86e-09,6.05e+03,5.70e+02,1.86e-09,4.35e+03,3.04e+02,1.86e-09,6.48e+03,4.21e+02,1.86e-09,3.50e+03,1.78e+02,1.86e-09,9.15e+03,1.78e+03,1.86e-09,1.51e+04,3.29e+03,1.86e-09,7.42e+03,9.77e+02,1.86e-09,1.13e+04,1.31e+03,1.86e-09,1.07e+04,1.56e+03,1.86e-09,1.89e+04,2.40e+03,1.86e-09,4.71e+04,1.24e+04,1.86e-09,1.48e+04,1.15e+03,1.86e-09,3.07e+04,9.48e+03,1.86e-09
F26,4.50e+03,1.72e+02,5.47e+03,2.92e+02,1.86e-09,5.74e+03,3.51e+02,1.86e-09,1.26e+04,1.01e+03,1.86e-09,8.96e+03,1.29e+03,1.86e-09,6.01e+03,7.76e+02,3.54e-08,9.13e+03,1.27e+03,1.86e-09,5.74e+03,1.18e+03,9.31e-09,9.40e+03,1.57e+03,3.73e-09,5.80e+03,2.09e+03,2.02e-03,7.05e+03,9.06e+02,3.73e-09,6.25e+03,1.60e+03,9.22e-06,9.58e+03,1.95e+03,3.73e-09,9.80e+03,1.72e+03,1.86e-09,7.01e+03,7.12e+02,1.86e-09,8.85e+03,1.19e+03,1.86e-09,1.09e+04,1.75e+03,1.86e-09,6.78e+03,1.50e+03,3.54e-08,8.36e+03,6.76e+02,1.86e-09,6.83e+03,1.40e+03,1.86e-09,8.64e+03,2.27e+02,1.86e-09,1.07e+04,2.54e+03,1.86e-09,1.32e+04,1.66e+03,1.86e-09,1.11e+04,6.16e+02,1.86e-09,9.11e+03,1.40e+03,1.86e-09,1.30e+04,7.86e+02,1.86e-09,1.49e+04,2.49e+03,3.73e-09,1.47e+04,1.18e+03,1.86e-09,1.09e+04,2.80e+02,1.86e-09,1.48e+04,1.50e+03,1.86e-09,1.44e+04,1.00e+03,1.86e-09,1.70e+04,1.11e+03,1.86e-09,1.85e+04,1.58e+03,1.86e-09,1.43e+04,1.73e+03,1.86e-09,1.85e+04,4.58e+02,1.86e-09,2.61e+04,5.19e+03,1.86e-09
F27,3.33e+03,4.35e+01,3.39e+03,9.01e+01,1.04e-03,3.35e+03,5.78e+01,4.05e-02,4.70e+03,2.07e+02,1.86e-09,3.69e+03,1.92e+02,1.86e-09,3.55e+03,9.71e+01,1.86e-09,3.94e+03,2.52e+02,1.86e-09,3.41e+03,9.73e+01,2.69e-05,3.85e+03,1.23e+02,1.86e-09,3.65e+03,1.66e+02,1.86e-09,3.68e+03,1.11e+02,1.86e-09,3.86e+03,2.74e+02,3.73e-09,3.74e+03,1.72e+02,1.86e-09,3.50e+03,7.01e+01,1.86e-09,3.68e+03,1.12e+02,1.86e-09,3.62e+03,1.39e+02,1.86e-09,3.81e+03,2.25e+02,1.86e-09,3.67e+03,1.03e+02,1.86e-09,3.94e+03,5.85e+01,1.86e-09,3.58e+03,8.52e+01,1.86e-09,3.66e+03,5.39e+01,1.86e-09,4.31e+03,3.85e+02,1.86e-09,4.17e+03,3.00e+02,1.86e-09,4.06e+03,7.05e+01,1.86e-09,3.76e+03,9.34e+01,1.86e-09,6.52e+03,6.07e+02,1.86e-09,4.17e+03,2.58e+02,1.86e-09,4.82e+03,3.33e+02,1.86e-09,3.62e+03,6.34e+01,1.86e-09,4.78e+03,4.44e+02,1.86e-09,3.20e+03,8.50e-05,1.86e-09,6.37e+03,1.16e+03,1.86e-09,3.73e+03,5.39e+02,7.61e-03,4.57e+03,4.46e+02,1.86e-09,7.52e+03,6.36e+02,1.86e-09,7.67e+03,9.15e+02,1.86e-09
F28,3.30e+03,1.80e+01,3.30e+03,2.32e+01,8.87e-01,3.31e+03,1.11e+01,2.45e-01,8.52e+03,5.83e+02,1.86e-09,4.52e+03,4.77e+02,1.86e-09,3.43e+03,4.92e+01,1.86e-09,3.32e+03,3.21e+01,1.75e-02,3.44e+03,7.33e+01,3.73e-09,3.42e+03,4.67e+01,1.86e-09,3.43e+03,4.93e+01,1.86e-09,3.69e+03,1.86e+02,1.86e-09,3.87e+03,7.01e+02,1.86e-09,3.89e+03,2.24e+02,1.86e-09,4.33e+03,2.74e+02,1.86e-09,4.44e+03,3.59e+02,1.86e-09,4.12e+03,8.48e+02,1.86e-09,3.74e+03,2.50e+02,1.86e-09,3.85e+03,1.57e+02,1.86e-09,3.69e+03,7.70e+01,1.86e-09,4.51e+03,5.28e+02,1.86e-09,4.88e+03,4.52e+02,1.86e-09,5.32e+03,6.25e+02,1.86e-09,6.14e+03,1.61e+03,1.86e-09,6.26e+03,4.22e+02,1.86e-09,4.20e+03,2.33e+02,1.86e-09,6.94e+03,3.59e+02,1.86e-09,4.16e+03,3.96e+02,1.86e-09,8.68e+03,8.61e+02,1.86e-09,8.76e+03,2.77e+02,1.86e-09,7.65e+03,5.05e+02,1.86e-09,3.30e+03,1.19e-02,2.80e-01,9.44e+03,1.16e+03,1.86e-09,4.12e+03,1.77e+03,2.99e-03,1.32e+04,2.00e+03,1.86e-09,1.39e+04,1.23e+03,1.86e-09,1.75e+04,3.42e+03,1.86e-09
F29,3.62e+03,1.70e+02,4.07e+03,1.91e+02,4.66e-08,3.96e+03,1.93e+02,6.91e-07,8.59e+03,6.00e+02,1.86e-09,5.51e+03,7.05e+02,1.86e-09,4.39e+03,3.00e+02,9.31e-09,4.69e+03,3.46e+02,1.86e-09,3.88e+03,3.56e+02,7.98e-04,4.85e+03,3.89e+02,1.86e-09,4.74e+03,4.93e+02,3.73e-09,4.42e+03,4.46e+02,1.86e-09,4.41e+03,4.00e+02,1.30e-08,4.94e+03,5.21e+02,9.31e-09,5.16e+03,3.34e+02,1.86e-09,4.87e+03,3.44e+02,1.86e-09,5.22e+03,4.37e+02,1.86e-09,5.38e+03,5.18e+02,1.86e-09,5.75e+03,3.16e+02,1.86e-09,5.51e+03,1.87e+02,1.86e-09,5.88e+03,3.95e+02,1.86e-09,5.95e+03,3.02e+02,1.86e-09,6.99e+03,6.99e+02,1.86e-09,8.61e+03,8.76e+03,1.86e-09,6.04e+03,2.96e+02,1.86e-09,6.66e+03,4.79e+02,1.86e-09,9.11e+03,1.17e+03,1.86e-09,8.58e+03,1.35e+03,1.86e-09,1.12e+04,2.62e+03,1.86e-09,6.58e+03,3.51e+02,1.86e-09,1.20e+04,3.50e+03,1.86e-09,1.05e+04,2.62e+03,1.86e-09,1.64e+04,1.21e+04,1.86e-09,1.93e+04,8.51e+03,1.86e-09,2.63e+04,2.56e+04,1.86e-09,1.12e+05,8.48e+04,1.86e-09,6.57e+05,8.77e+05,1.86e-09
F30,9.00e+05,1.75e+05,9.13e+05,2.50e+05,9.03e-01,8.75e+05,2.07e+05,5.43e-01,7.10e+08,2.23e+08,1.86e-09,5.02e+07,2.74e+07,1.86e-09,2.94e+06,1.07e+06,1.86e-09,1.06e+06,2.25e+05,2.19e-03,1.09e+06,3.15e+05,3.45e-02,2.04e+06,9.89e+05,1.86e-09,5.41e+06,5.03e+06,1.86e-09,7.11e+06,7.14e+06,1.86e-09,1.66e+07,2.67e+07,1.86e-09,1.52e+06,7.10e+05,2.35e-06,2.79e+06,1.02e+06,1.86e-09,1.26e+08,5.24e+07,1.86e-09,2.70e+06,1.51e+06,6.15e-08,2.02e+06,1.12e+06,9.98e-07,1.09e+07,1.01e+07,1.86e-09,2.15e+07,3.91e+06,1.86e-09,2.67e+07,2.10e+07,1.86e-09,4.46e+07,2.24e+07,1.86e-09,2.32e+08,6.89e+07,1.86e-09,2.64e+08,7.78e+08,1.86e-09,1.97e+08,5.45e+07,1.86e-09,5.71e+08,1.52e+08,1.86e-09,3.26e+08,1.50e+08,1.86e-09,2.20e+08,9.19e+07,1.86e-09,8.95e+08,6.11e+08,1.86e-09,4.78e+08,1.66e+08,1.86e-09,7.33e+08,2.58e+08,1.86e-09,2.46e+09,1.32e+09,1.86e-09,1.61e+09,7.91e+08,1.86e-09,3.53e+09,1.37e+09,1.86e-09,4.13e+09,3.64e+09,1.86e-09,7.97e+09,1.86e+09,1.86e-09,1.32e+10,5.61e+09,1.86e-09
